"Variable / Field Name","Form Name","Section Header","Field Type","Field Label","Choices, Calculations, OR Slider Labels","Field Note","Text Validation Type OR Show Slider Number","Text Validation Min","Text Validation Max",Identifier?,"Branching Logic (Show field only if...)","Required Field?","Custom Alignment","Question Number (surveys only)","Matrix Group Name","Matrix Ranking?","Field Annotation"
record_id,preconsent_information,,text,"Record ID",,,,,,,,,,,,,
ir_ec,preconsent_information,,dropdown,"Is this an initial consent or re-consent?","1, Initial consent | 2, Re-consent",,,,,,,y,RH,,,,
rec_orid,preconsent_information,,text,"If Re-consent, what was original Record ID for this participant?",,,integer,0,99999,,"[ir_ec] = '2'",,RH,,,,
uidc,preconsent_information,"<div class=""rich-text-field-label""><h6 style=""text-align: center;"">Participant Information</h6></div>",text,"Unique ID Code",,"(Participant will need to access eConsent form)",,,,y,,y,,,,,
fname,preconsent_information,,text,"First Name",,,alpha_only,,,y,,y,,,,,
lname,preconsent_information,,text,"Last Name",,"(Participant will need to access eConsent form)",alpha_only,,,y,,y,,,,,
brthdat,preconsent_information,,text,"Birth Date",,"(Participant will need to access eConsent form)",date_mdy,,,y,,y,,,,,
age,preconsent_information,,calc,Age,"rounddown(datediff([brthdat],""today"",""y"",""mdy""),0)",,,,,y,,,,,,,
phonenum,preconsent_information,,text,"Phone Number",,,phone,,,y,,,,,,,
lar_yn,preconsent_information,"<div class=""rich-text-field-label""><h6 style=""text-align: center;"">LAR Section</h6></div>",yesno,"Does this participant require an LAR to sign on their behalf?",,,,,,,,y,LH,,,,
lar_fname,preconsent_information,,text,"First Name of LAR:",,,,,,y,"[lar_yn] = '1'",y,,,,,
lar_lname,preconsent_information,,text,"Last Name of LAR:",,,,,,y,"[lar_yn] = '1'",y,,,,,
lar_rel,preconsent_information,,text,"Relationship to participant:",,,,,,,"[lar_yn] = '1'",,LH,,,,
ic_disc,preconsent_information,"<div class=""rich-text-field-label""><h6 style=""text-align: center;"">Pre-eConsent Discussion</h6></div>",yesno,"Has an informed consent discussion taken place (by phone or in-person)?",,,,,,,,y,LH,,,,
ec_proc_agree,preconsent_information,,yesno,"Is potential participant agreeable to proceed to eConsent process?",,,,,,,,y,LH,,,,
email,preconsent_information,,text,"Please enter potential participant's email address and confirm its validity before proceeding:",,,email,,,y,"[ic_disc] = '1' and [ec_proc_agree] = '1'",y,,,,,
